target uniprot id,target uniprot gene,interactor uniprot id,interactor uniprot gene,mentha score,PDB id,fusion,target chain id,target starting residue,target ending residue,interactor chain id,interactor starting residue,interactor ending residue,other interactors,method,resolution,dna chains,num ligands,PMID
P12931,SRC,P03372,ESR1,0.997,na,na,na,na,na,na,na,na,na,na,na,na,na,17284441 17400812 17627277 11032808 14766010 15020686 14963108 23065768 17921256 15784253 12630920 24051437 11013076 11564893 16957778 
P12931,SRC,P22681,CBL,0.996,na,na,na,na,na,na,na,na,na,na,na,na,na,15135048 7782294 17141222 11994282 19861161 18273061 12941616 10829062 17094785 22203672 16636290 
P12931,SRC,Q07666,KHDRBS1,0.986,na,na,na,na,na,na,na,na,na,na,na,na,na,8766817 18606683 10467411 10635328 11960376 16169070 1545818 1374686 22745667 7537265 15190072 9038356 
P12931,SRC,P56945,BCAR1,0.981,na,na,na,na,na,na,na,na,na,na,na,na,na,10739664 16849545 17038317 15020686 10487518 17129785 10542110 12397603 12615911 11514617 10085298 
P12931,SRC,Q05397,PTK2,0.979,na,na,na,na,na,na,na,na,na,na,na,na,na,25814554 12558988 22402981 16291744 21855630 23065768 12615911 23242524 16966330 9822703 11980671 25241761 17525734 10085298 12387730 
P12931,SRC,P00533,EGFR,0.97,na,na,na,na,na,na,na,na,na,na,na,na,na,17284441 24658140 10777553 23175185 21268077 24189400 21573184 17158602 10358079 10971656 25402006 20333651 28065597 
P12931,SRC,P15941,MUC1,0.937,na,na,na,na,na,na,na,na,na,na,na,na,na,11483589 11152665 21798038 
P12931,SRC,P40763,STAT3,0.911,na,na,na,na,na,na,na,na,na,na,na,na,na,15735682 8657134 18070987 15313931 12244095 21573184 
P12931,SRC,P12931,SRC,0.905,4F59,na,A,144,252,A,144,252,na,X-ray diffraction,1.71,0,0,14670955 15020686 17170700 11078745 12606547 21335603 15456896 
P12931,SRC,P12931,SRC,0.905,1O4O,na,A,145,252,A,145,252,na,X-ray diffraction,1.7,0,1,14670955 15020686 17170700 11078745 12606547 21335603 15456896 
P12931,SRC,P12931,SRC,0.905,1O4C,na,A,145,252,A,145,252,na,X-ray diffraction,1.8,0,1,14670955 15020686 17170700 11078745 12606547 21335603 15456896 
P12931,SRC,P12931,SRC,0.905,1O48,na,A,145,252,A,145,252,na,X-ray diffraction,1.55,0,1,14670955 15020686 17170700 11078745 12606547 21335603 15456896 
P12931,SRC,P12931,SRC,0.905,1YOJ,na,A;B,254;254,536;536,A;B,254;254,536;536,na,X-ray diffraction,1.95,0,0,14670955 15020686 17170700 11078745 12606547 21335603 15456896 
P12931,SRC,P12931,SRC,0.905,4MXX,na,A;B,254;254,536;536,A;B,254;254,536;536,na,X-ray diffraction,2.6,0,1,14670955 15020686 17170700 11078745 12606547 21335603 15456896 
P12931,SRC,P12931,SRC,0.905,1O4J,na,A,145,252,A,145,252,na,X-ray diffraction,1.7,0,1,14670955 15020686 17170700 11078745 12606547 21335603 15456896 
P12931,SRC,P12931,SRC,0.905,3ZMP,na,C;D,527;527,536;536,C;D,527;527,536;536,P18031,X-ray diffraction,2.619,0,0,14670955 15020686 17170700 11078745 12606547 21335603 15456896 
P12931,SRC,P12931,SRC,0.905,1O46,na,A,145,252,A,145,252,na,X-ray diffraction,2,0,1,14670955 15020686 17170700 11078745 12606547 21335603 15456896 
P12931,SRC,P12931,SRC,0.905,6C4S,na,A;B,87;87,144;144,A;B,87;87,144;144,na,X-ray diffraction,1.5,0,1,14670955 15020686 17170700 11078745 12606547 21335603 15456896 
P12931,SRC,P12931,SRC,0.905,1O4Q,na,A,145,252,A,145,252,na,X-ray diffraction,1.7,0,1,14670955 15020686 17170700 11078745 12606547 21335603 15456896 
P12931,SRC,P12931,SRC,0.905,1O4K,na,A,145,252,A,145,252,na,X-ray diffraction,1.57,0,1,14670955 15020686 17170700 11078745 12606547 21335603 15456896 
P12931,SRC,P12931,SRC,0.905,7OTE,na,A;B,254;254,536;536,A;B,254;254,536;536,na,X-ray diffraction,2.49,0,3,14670955 15020686 17170700 11078745 12606547 21335603 15456896 
P12931,SRC,P12931,SRC,0.905,1O4E,na,A,145,252,A,145,252,na,X-ray diffraction,2,0,1,14670955 15020686 17170700 11078745 12606547 21335603 15456896 
P12931,SRC,P12931,SRC,0.905,1O44,na,A,145,252,A,145,252,na,X-ray diffraction,1.7,0,1,14670955 15020686 17170700 11078745 12606547 21335603 15456896 
P12931,SRC,P12931,SRC,0.905,1O4I,na,A,145,252,A,145,252,na,X-ray diffraction,1.75,0,1,14670955 15020686 17170700 11078745 12606547 21335603 15456896 
P12931,SRC,P12931,SRC,0.905,1O4N,na,A,145,252,A,145,252,na,X-ray diffraction,1.6,0,1,14670955 15020686 17170700 11078745 12606547 21335603 15456896 
P12931,SRC,P12931,SRC,0.905,7T1U,na,A;B,147;147,251;251,A;B,147;147,251;251,na,X-ray diffraction,2.65,0,1,14670955 15020686 17170700 11078745 12606547 21335603 15456896 
P12931,SRC,P12931,SRC,0.905,7NG7,na,A,254,536,A,254,536,na,X-ray diffraction,1.5,0,2,14670955 15020686 17170700 11078745 12606547 21335603 15456896 
P12931,SRC,P12931,SRC,0.905,1HCS,na,B,144,249,B,144,249,na,Solution NMR,na,0,0,14670955 15020686 17170700 11078745 12606547 21335603 15456896 
P12931,SRC,P12931,SRC,0.905,2BDF,na,A;B,258;258,536;536,A;B,258;258,536;536,na,X-ray diffraction,2.1,0,1,14670955 15020686 17170700 11078745 12606547 21335603 15456896 
P12931,SRC,P12931,SRC,0.905,1O49,na,A,145,252,A,145,252,na,X-ray diffraction,1.7,0,1,14670955 15020686 17170700 11078745 12606547 21335603 15456896 
P12931,SRC,P12931,SRC,0.905,3ZMQ,na,C,527,536,C,527,536,P18031,X-ray diffraction,3.3,0,0,14670955 15020686 17170700 11078745 12606547 21335603 15456896 
P12931,SRC,P12931,SRC,0.905,1O4H,na,A,145,252,A,145,252,na,X-ray diffraction,2.25,0,1,14670955 15020686 17170700 11078745 12606547 21335603 15456896 
P12931,SRC,P12931,SRC,0.905,4K11,na,A,87,534,A,87,534,na,X-ray diffraction,2.3,0,1,14670955 15020686 17170700 11078745 12606547 21335603 15456896 
P12931,SRC,P12931,SRC,0.905,4MXO,na,A;B,254;254,536;536,A;B,254;254,536;536,na,X-ray diffraction,2.105,0,1,14670955 15020686 17170700 11078745 12606547 21335603 15456896 
P12931,SRC,P12931,SRC,0.905,1FMK,na,A,86,536,A,86,536,na,X-ray diffraction,1.5,0,0,14670955 15020686 17170700 11078745 12606547 21335603 15456896 
P12931,SRC,P12931,SRC,0.905,1A07,na,A;B,144;144,249;249,A;B,144;144,249;249,na,X-ray diffraction,2.2,0,0,14670955 15020686 17170700 11078745 12606547 21335603 15456896 
P12931,SRC,P12931,SRC,0.905,4F5B,na,A,144,252,A,144,252,na,X-ray diffraction,1.57,0,1,14670955 15020686 17170700 11078745 12606547 21335603 15456896 
P12931,SRC,P12931,SRC,0.905,1YOL,na,A;B,254;254,536;536,A;B,254;254,536;536,na,X-ray diffraction,2.3,0,1,14670955 15020686 17170700 11078745 12606547 21335603 15456896 
P12931,SRC,P12931,SRC,0.905,1O41,na,A,145,252,A,145,252,na,X-ray diffraction,1.7,0,1,14670955 15020686 17170700 11078745 12606547 21335603 15456896 
P12931,SRC,P12931,SRC,0.905,1O4B,na,A,145,252,A,145,252,na,X-ray diffraction,1.85,0,1,14670955 15020686 17170700 11078745 12606547 21335603 15456896 
P12931,SRC,P12931,SRC,0.905,1O45,na,A,145,252,A,145,252,na,X-ray diffraction,1.8,0,1,14670955 15020686 17170700 11078745 12606547 21335603 15456896 
P12931,SRC,P12931,SRC,0.905,1O42,na,A,145,252,A,145,252,na,X-ray diffraction,1.7,0,1,14670955 15020686 17170700 11078745 12606547 21335603 15456896 
P12931,SRC,P12931,SRC,0.905,4HXJ,na,A;B,87;87,144;144,A;B,87;87,144;144,P05106,X-ray diffraction,2,0,0,14670955 15020686 17170700 11078745 12606547 21335603 15456896 
P12931,SRC,P12931,SRC,0.905,1Y57,na,A,86,536,A,86,536,na,X-ray diffraction,1.91,0,2,14670955 15020686 17170700 11078745 12606547 21335603 15456896 
P12931,SRC,P12931,SRC,0.905,1HCT,na,B,144,249,B,144,249,na,Solution NMR,na,0,0,14670955 15020686 17170700 11078745 12606547 21335603 15456896 
P12931,SRC,P12931,SRC,0.905,1O4F,na,A,145,252,A,145,252,na,X-ray diffraction,2,0,1,14670955 15020686 17170700 11078745 12606547 21335603 15456896 
P12931,SRC,P12931,SRC,0.905,1A1E,na,A;B,144;144,249;249,A;B,144;144,249;249,na,X-ray diffraction,2.2,0,0,14670955 15020686 17170700 11078745 12606547 21335603 15456896 
P12931,SRC,P12931,SRC,0.905,1SHD,na,A,144,249,A,144,249,na,X-ray diffraction,2,0,0,14670955 15020686 17170700 11078745 12606547 21335603 15456896 
P12931,SRC,P12931,SRC,0.905,1O4G,na,A,145,252,A,145,252,na,X-ray diffraction,1.55,0,1,14670955 15020686 17170700 11078745 12606547 21335603 15456896 
P12931,SRC,P12931,SRC,0.905,1O4R,na,A,145,252,A,145,252,na,X-ray diffraction,1.5,0,1,14670955 15020686 17170700 11078745 12606547 21335603 15456896 
P12931,SRC,P12931,SRC,0.905,4F5A,na,A,144,252,A,144,252,na,X-ray diffraction,1.8,0,1,14670955 15020686 17170700 11078745 12606547 21335603 15456896 
P12931,SRC,P12931,SRC,0.905,2H8H,na,A,2,536,A,2,536,na,X-ray diffraction,2.2,0,1,14670955 15020686 17170700 11078745 12606547 21335603 15456896 
P12931,SRC,P12931,SRC,0.905,1O4D,na,A,145,252,A,145,252,na,X-ray diffraction,1.85,0,1,14670955 15020686 17170700 11078745 12606547 21335603 15456896 
P12931,SRC,P12931,SRC,0.905,2SRC,na,A,86,536,A,86,536,na,X-ray diffraction,1.5,0,1,14670955 15020686 17170700 11078745 12606547 21335603 15456896 
P12931,SRC,P12931,SRC,0.905,1O43,na,A,145,252,A,145,252,na,X-ray diffraction,1.5,0,1,14670955 15020686 17170700 11078745 12606547 21335603 15456896 
P12931,SRC,P12931,SRC,0.905,1O47,na,A,145,252,A,145,252,na,X-ray diffraction,1.8,0,1,14670955 15020686 17170700 11078745 12606547 21335603 15456896 
P12931,SRC,P12931,SRC,0.905,1A1A,na,A;B,144;144,249;249,A;B,144;144,249;249,na,X-ray diffraction,2,0,0,14670955 15020686 17170700 11078745 12606547 21335603 15456896 
P12931,SRC,P12931,SRC,0.905,4MXZ,na,A;B,254;254,536;536,A;B,254;254,536;536,na,X-ray diffraction,2.582,0,1,14670955 15020686 17170700 11078745 12606547 21335603 15456896 
P12931,SRC,P12931,SRC,0.905,6E6E,na,A;B;C;D;E;F;G;H,261;261;261;261;261;261;261;261,536;536;536;536;536;536;536;536,A;B;C;D;E;F;G;H,261;261;261;261;261;261;261;261,536;536;536;536;536;536;536;536,na,X-ray diffraction,2.15,0,1,14670955 15020686 17170700 11078745 12606547 21335603 15456896 
P12931,SRC,P12931,SRC,0.905,1O4L,na,A,145,252,A,145,252,na,X-ray diffraction,1.65,0,1,14670955 15020686 17170700 11078745 12606547 21335603 15456896 
P12931,SRC,P12931,SRC,0.905,1A1C,na,A;B,144;144,249;249,A;B,144;144,249;249,na,X-ray diffraction,2.4,0,0,14670955 15020686 17170700 11078745 12606547 21335603 15456896 
P12931,SRC,P12931,SRC,0.905,1YI6,na,A;B,261;261,536;536,A;B,261;261,536;536,na,X-ray diffraction,2,0,0,14670955 15020686 17170700 11078745 12606547 21335603 15456896 
P12931,SRC,P12931,SRC,0.905,2BDJ,na,A,258,536,A,258,536,na,X-ray diffraction,2.5,0,1,14670955 15020686 17170700 11078745 12606547 21335603 15456896 
P12931,SRC,P12931,SRC,0.905,1YOM,na,A;B,254;254,536;536,A;B,254;254,536;536,na,X-ray diffraction,2.9,0,1,14670955 15020686 17170700 11078745 12606547 21335603 15456896 
P12931,SRC,P12931,SRC,0.905,1KSW,na,A,86,536,A,86,536,na,X-ray diffraction,2.8,0,1,14670955 15020686 17170700 11078745 12606547 21335603 15456896 
P12931,SRC,P12931,SRC,0.905,1O4M,na,A,145,252,A,145,252,na,X-ray diffraction,1.6,0,1,14670955 15020686 17170700 11078745 12606547 21335603 15456896 
P12931,SRC,P12931,SRC,0.905,6ATE,na,A,254,536,A,254,536,na,X-ray diffraction,2.402,0,1,14670955 15020686 17170700 11078745 12606547 21335603 15456896 
P12931,SRC,P12931,SRC,0.905,3VRO,na,B,412,424,B,412,424,Q9ULV8,X-ray diffraction,1.8,0,1,14670955 15020686 17170700 11078745 12606547 21335603 15456896 
P12931,SRC,P12931,SRC,0.905,1O4P,na,A,145,252,A,145,252,na,X-ray diffraction,1.9,0,1,14670955 15020686 17170700 11078745 12606547 21335603 15456896 
P12931,SRC,P12931,SRC,0.905,1A08,na,A;B,144;144,249;249,A;B,144;144,249;249,na,X-ray diffraction,2.2,0,0,14670955 15020686 17170700 11078745 12606547 21335603 15456896 
P12931,SRC,P12931,SRC,0.905,1A09,na,A;B,144;144,249;249,A;B,144;144,249;249,na,X-ray diffraction,2,0,0,14670955 15020686 17170700 11078745 12606547 21335603 15456896 
P12931,SRC,P12931,SRC,0.905,1O4A,na,A,145,252,A,145,252,na,X-ray diffraction,1.5,0,1,14670955 15020686 17170700 11078745 12606547 21335603 15456896 
P12931,SRC,P12931,SRC,0.905,1A1B,na,A;B,144;144,249;249,A;B,144;144,249;249,na,X-ray diffraction,2.2,0,0,14670955 15020686 17170700 11078745 12606547 21335603 15456896 
P12931,SRC,P12931,SRC,0.905,4MXY,na,A;B,254;254,536;536,A;B,254;254,536;536,na,X-ray diffraction,2.582,0,1,14670955 15020686 17170700 11078745 12606547 21335603 15456896 
P12931,SRC,P04626,ERBB2,0.895,na,na,na,na,na,na,na,na,na,na,na,na,na,11940572 21075308 17875712 
P12931,SRC,Q14289,PTK2B,0.884,na,na,na,na,na,na,na,na,na,na,na,na,na,10777553 19380485 11149930 8849729 10521452 
P12931,SRC,P29323,EPHB2,0.876,na,na,na,na,na,na,na,na,na,na,na,na,na,9632142 10644995 
P12931,SRC,Q9ULV8,CBLC,0.858,3VRO,na,B,412,424,A,1,323,na,X-ray diffraction,1.8,0,1,14661060 22888118 20525694 
P12931,SRC,Q07912,TNK2,0.858,na,na,na,na,na,na,na,na,na,na,na,na,na,19144635 21309750 17038317 14506255 
P12931,SRC,P18031,PTPN1,0.853,3ZMP,na,C;D,527;527,536;536,A;B,1;1,321;321,na,X-ray diffraction,2.619,0,0,16537444 11007774 17974954 16115959 9600099 17092689 15866871 12857726 
P12931,SRC,P18031,PTPN1,0.853,3ZMQ,na,C,527,536,A,1,321,na,X-ray diffraction,3.3,0,0,16537444 11007774 17974954 16115959 9600099 17092689 15866871 12857726 
P12931,SRC,P61978,HNRNPK,0.814,na,na,na,na,na,na,na,na,na,na,na,na,na,17178840 16854432 
P12931,SRC,Q8WUM4,PDCD6IP,0.814,na,na,na,na,na,na,na,na,na,na,na,na,na,15557335 
P12931,SRC,P27986,PIK3R1,0.811,na,na,na,na,na,na,na,na,na,na,na,na,na,19903481 25241761 23397142 23065768 19861161 10487518 
P12931,SRC,Q9ULH1,ASAP1,0.801,na,na,na,na,na,na,na,na,na,na,na,na,na,9819391 16636290 17474147 
P12931,SRC,P10275,AR,0.801,na,na,na,na,na,na,na,na,na,na,na,na,na,15062576 11032808 24728074 15466214 15027889 
P12931,SRC,Q00987,MDM2,0.794,na,na,na,na,na,na,na,na,na,na,na,na,na,25624478 
P12931,SRC,Q9GZT9,EGLN1,0.794,na,na,na,na,na,na,na,na,na,na,na,na,na,21335603 
P12931,SRC,P06733,ENO1,0.772,na,na,na,na,na,na,na,na,na,na,na,na,na,15456896 16609991 17525734 11078745 
P12931,SRC,P11473,VDR,0.772,na,na,na,na,na,na,na,na,na,na,na,na,na,20371703 12893883 21917910 15919723 16434701 
P12931,SRC,P63244,GNB2L1,0.765,na,na,na,na,na,na,na,na,na,na,na,na,na,18596232 9584165 
P12931,SRC,Q8TBB1,LNX1,0.765,na,na,na,na,na,na,na,na,na,na,na,na,na,17936276 
P12931,SRC,P35326,SPRR2A,0.765,na,na,na,na,na,na,na,na,na,na,na,na,na,18155796 
P12931,SRC,P49407,ARRB1,0.757,na,na,na,na,na,na,na,na,na,na,na,na,na,16432186 23242524 19202075 
P12931,SRC,Q9Y6K9,IKBKG,0.757,na,na,na,na,na,na,na,na,na,na,na,na,na,15749833 23131831 
P12931,SRC,Q05193,DNM1,0.74,na,na,na,na,na,na,na,na,na,na,na,na,na,19380485 15834155 
P12931,SRC,Q01973,ROR1,0.74,na,na,na,na,na,na,na,na,na,na,na,na,na,22439932 
P12931,SRC,O14920,IKBKB,0.731,na,na,na,na,na,na,na,na,na,na,na,na,na,15749833 12645577 12707358 15456896 
P12931,SRC,P18433,PTPRA,0.731,na,na,na,na,na,na,na,na,na,na,na,na,na,11923305 10698938 
P12931,SRC,P16284,PECAM1,0.731,na,na,na,na,na,na,na,na,na,na,na,na,na,10801826 10858437 9162084 12775720 
P12931,SRC,P27635,RPL10,0.731,na,na,na,na,na,na,na,na,na,na,na,na,na,12138090 16741966 
P12931,SRC,O43281,EFS,0.712,na,na,na,na,na,na,na,na,na,na,na,na,na,8647432 17474147 
P12931,SRC,Q00610,CLTC,0.702,na,na,na,na,na,na,na,na,na,na,na,na,na,17785434 
P12931,SRC,P55196,MLLT4,0.702,na,na,na,na,na,na,na,na,na,na,na,na,na,17491594 
P12931,SRC,P09619,PDGFRB,0.692,na,na,na,na,na,na,na,na,na,na,na,na,na,18315570 7685273 17158602 17785434 
P12931,SRC,P32121,ARRB2,0.692,na,na,na,na,na,na,na,na,na,na,na,na,na,19122674 11877451 19202075 23242524 
P12931,SRC,Q14118,DAG1,0.671,na,na,na,na,na,na,na,na,na,na,na,na,na,11724572 17474147 
P12931,SRC,P06401,PGR,0.671,na,na,na,na,na,na,na,na,na,na,na,na,na,15937332 12612073 15601848 
P12931,SRC,Q9UNE7,STUB1,0.671,na,na,na,na,na,na,na,na,na,na,na,na,na,21911421 
P12931,SRC,O15379,HDAC3,0.659,na,na,na,na,na,na,na,na,na,na,na,na,na,16532030 17699109 
P12931,SRC,Q9C0H9,SRCIN1,0.659,na,na,na,na,na,na,na,na,na,na,na,na,na,17525734 
P12931,SRC,O14939,PLD2,0.623,na,na,na,na,na,na,na,na,na,na,na,na,na,12697812 
P12931,SRC,P06241,FYN,0.623,na,na,na,na,na,na,na,na,na,na,na,na,na,16966330 9169421 19711372 28514442 
P12931,SRC,Q92731,ESR2,0.623,na,na,na,na,na,na,na,na,na,na,na,na,na,11013076 11032808 12630920 
P12931,SRC,P03891,MT-ND2,0.623,na,na,na,na,na,na,na,na,na,na,na,na,na,15069201 
P12931,SRC,P43405,SYK,0.623,na,na,na,na,na,na,na,na,na,na,na,na,na,9389695 15173175 7513017 
P12931,SRC,P46934,NEDD4,0.623,na,na,na,na,na,na,na,na,na,na,na,na,na,25292214 
P12931,SRC,Q68CZ2,TNS3,0.623,na,na,na,na,na,na,na,na,na,na,na,na,na,19732724 
P12931,SRC,P42768,WAS,0.623,na,na,na,na,na,na,na,na,na,na,na,na,na,8824280 8805332 
P12931,SRC,P16070,CD44,0.623,na,na,na,na,na,na,na,na,na,na,na,na,na,11084024 9519902 21701559 
P12931,SRC,Q13444,ADAM15,0.61,na,na,na,na,na,na,na,na,na,na,na,na,na,16374509 11741929 18296648 
P12931,SRC,Q9H204,MED28,0.61,na,na,na,na,na,na,na,na,na,na,na,na,na,16964398 16899217 
P12931,SRC,P42224,STAT1,0.61,na,na,na,na,na,na,na,na,na,na,na,na,na,9344858 10358079 14978237 
P12931,SRC,P00519,ABL1,0.583,na,na,na,na,na,na,na,na,na,na,na,na,na,17318191 11494128 17474147 
P12931,SRC,P07550,ADRB2,0.583,na,na,na,na,na,na,na,na,na,na,na,na,na,17170700 11013230 
P12931,SRC,P18545,PDE6G,0.569,na,na,na,na,na,na,na,na,na,na,na,na,na,12624098 
P12931,SRC,P19438,TNFRSF1A,0.569,na,na,na,na,na,na,na,na,na,na,na,na,na,18606683 9237663 15707590 
P12931,SRC,Q12879,GRIN2A,0.569,na,na,na,na,na,na,na,na,na,na,na,na,na,12932824 10458595 
P12931,SRC,P35968,KDR,0.569,na,na,na,na,na,na,na,na,na,na,na,na,na,18194650 22689825 19050761 
P12931,SRC,P12830,CDH1,0.569,na,na,na,na,na,na,na,na,na,na,na,na,na,21685945 18057010 10744074 25468996 
P12931,SRC,P10721,KIT,0.539,na,na,na,na,na,na,na,na,na,na,na,na,na,24728074 12444928 
P12931,SRC,P10636,MAPT,0.523,na,na,na,na,na,na,na,na,na,na,na,na,na,16115884 
P12931,SRC,P50570,DNM2,0.523,na,na,na,na,na,na,na,na,na,na,na,na,na,15834155 
P12931,SRC,P10276,RARA,0.523,na,na,na,na,na,na,na,na,na,na,na,na,na,12612084 17641689 
P12931,SRC,Q12929,EPS8,0.523,na,na,na,na,na,na,na,na,na,na,na,na,na,10395945 
P12931,SRC,Q99704,DOK1,0.523,na,na,na,na,na,na,na,na,na,na,na,na,na,11071635 22974441 
P12931,SRC,Q14686,NCOA6,0.523,na,na,na,na,na,na,na,na,na,na,na,na,na,11158331 10847592 
P12931,SRC,O15111,CHUK,0.507,na,na,na,na,na,na,na,na,na,na,na,na,na,15749833 12707358 
P12931,SRC,Q75N03,CBLL1,0.507,na,na,na,na,na,na,na,na,na,na,na,na,na,21685945 18057010 28069439 
P12931,SRC,O00206,TLR4,0.507,na,na,na,na,na,na,na,na,na,na,na,na,na,21911421 20379791 
P12931,SRC,P28065,PSMB9,0.507,na,na,na,na,na,na,na,na,na,na,na,na,na,16957778 
P12931,SRC,Q92569,PIK3R3,0.507,na,na,na,na,na,na,na,na,na,na,na,na,na,25814554 22402981 
P12931,SRC,P08581,MET,0.49,na,na,na,na,na,na,na,na,na,na,na,na,na,24034250 24728074 9837958 
P12931,SRC,P46527,CDKN1B,0.472,na,na,na,na,na,na,na,na,na,na,na,na,na,17254967 
P12931,SRC,P20936,RASA1,0.454,na,na,na,na,na,na,na,na,na,na,na,na,na,1717825 11389730 
P12931,SRC,Q7Z6J2,GRASP,0.454,na,na,na,na,na,na,na,na,na,na,na,na,na,15173175 
P12931,SRC,Q96KB5,PBK,0.454,na,na,na,na,na,na,na,na,na,na,na,na,na,27016416 
P12931,SRC,Q8IZL8,PELP1,0.454,na,na,na,na,na,na,na,na,na,na,na,na,na,15466214 14963108 
P12931,SRC,P13945,ADRB3,0.454,na,na,na,na,na,na,na,na,na,na,na,na,na,11013230 
P12931,SRC,P30530,AXL,0.454,na,na,na,na,na,na,na,na,na,na,na,na,na,22327215 9178760 
P12931,SRC,P46108,CRK,0.454,na,na,na,na,na,na,na,na,na,na,na,na,na,23397142 12615911 10962563 
P12931,SRC,P49023,PXN,0.454,na,na,na,na,na,na,na,na,na,na,na,na,na,14665621 10085298 
P12931,SRC,Q9Y4K3,TRAF6,0.454,na,na,na,na,na,na,na,na,na,na,na,na,na,10635328 22447928 
P12931,SRC,P17706,PTPN2,0.454,na,na,na,na,na,na,na,na,na,na,na,na,na,15696169 
P12931,SRC,P04049,RAF1,0.454,na,na,na,na,na,na,na,na,na,na,na,na,na,7517401 
P12931,SRC,P07948,LYN,0.454,na,na,na,na,na,na,na,na,na,na,na,na,na,9169421 18070987 
P12931,SRC,P57737,CORO7,0.454,na,na,na,na,na,na,na,na,na,na,na,na,na,18581049 
P12931,SRC,P41240,CSK,0.454,na,na,na,na,na,na,na,na,na,na,na,na,na,17525734 7513429 
P12931,SRC,A7KAX9,ARHGAP32,0.454,na,na,na,na,na,na,na,na,na,na,na,na,na,12454018 
P12931,SRC,Q9NP31,SH2D2A,0.454,na,na,na,na,na,na,na,na,na,na,na,na,na,22689825 
P12931,SRC,P98082,DAB2,0.454,na,na,na,na,na,na,na,na,na,na,na,na,na,12473651 
P12931,SRC,Q03135,CAV1,0.454,na,na,na,na,na,na,na,na,na,na,na,na,na,8621645 8910575 
P12931,SRC,Q15464,SHB,0.454,na,na,na,na,na,na,na,na,na,na,na,na,na,7537362 
P12931,SRC,Q9C019,TRIM15,0.454,na,na,na,na,na,na,na,na,na,na,na,na,na,25450970 
P12931,SRC,O43150,ASAP2,0.396,na,na,na,na,na,na,na,na,na,na,na,na,na,17474147 10022920 
P12931,SRC,P07900,HSP90AA1,0.396,na,na,na,na,na,na,na,na,na,na,na,na,na,1310678 22315411 
P12931,SRC,Q14185,DOCK1,0.396,na,na,na,na,na,na,na,na,na,na,na,na,na,17474147 12615911 
P12931,SRC,Q92845,KIFAP3,0.396,na,na,na,na,na,na,na,na,na,na,na,na,na,8900189 28514442 
P12931,SRC,Q9UK17,KCND3,0.376,na,na,na,na,na,na,na,na,na,na,na,na,na,18620005 
P12931,SRC,P04271,S100B,0.376,na,na,na,na,na,na,na,na,na,na,na,na,na,19147496 
P12931,SRC,P22460,KCNA5,0.376,na,na,na,na,na,na,na,na,na,na,na,na,na,8953041 11149959 
P12931,SRC,O75674,TOM1L1,0.376,na,na,na,na,na,na,na,na,na,na,na,na,na,17785434 
P12931,SRC,P25098,ADRBK1,0.376,na,na,na,na,na,na,na,na,na,na,na,na,na,12624098 
P12931,SRC,P25101,EDNRA,0.376,na,na,na,na,na,na,na,na,na,na,na,na,na,19202075 
P12931,SRC,P25445,FAS,0.376,na,na,na,na,na,na,na,na,na,na,na,na,na,18328427 
P12931,SRC,P12814,ACTN1,0.376,na,na,na,na,na,na,na,na,na,na,na,na,na,16291744 
P12931,SRC,P62993,GRB2,0.376,na,na,na,na,na,na,na,na,na,na,na,na,na,12624098 11964172 
P12931,SRC,P68400,CSNK2A1,0.376,na,na,na,na,na,na,na,na,na,na,na,na,na,21075308 
P12931,SRC,Q05513,PRKCZ,0.376,na,na,na,na,na,na,na,na,na,na,na,na,na,10527887 
P12931,SRC,Q05655,PRKCD,0.376,na,na,na,na,na,na,na,na,na,na,na,na,na,15851033 
P12931,SRC,Q09472,EP300,0.376,na,na,na,na,na,na,na,na,na,na,na,na,na,26695438 
P12931,SRC,Q13029,PRDM2,0.376,na,na,na,na,na,na,na,na,na,na,na,na,na,15282304 
P12931,SRC,Q13255,GRM1,0.376,na,na,na,na,na,na,na,na,na,na,na,na,na,15173175 
P12931,SRC,Q8NFZ0,FBXO18,0.376,na,na,na,na,na,na,na,na,na,na,na,na,na,23954233 
P12931,SRC,Q16825,PTPN21,0.376,na,na,na,na,na,na,na,na,na,na,na,na,na,7519780 15143158 
P12931,SRC,O60674,JAK2,0.376,na,na,na,na,na,na,na,na,na,na,na,na,na,21075308 
P12931,SRC,P13645,KRT10,0.376,na,na,na,na,na,na,na,na,na,na,na,na,na,17868192 
P12931,SRC,P35408,PTGER4,0.376,na,na,na,na,na,na,na,na,na,na,na,na,na,16432186 23242524 
P12931,SRC,Q96B97,SH3KBP1,0.376,na,na,na,na,na,na,na,na,na,na,na,na,na,22833562 15707590 
P12931,SRC,Q9NQI0,DDX4,0.376,na,na,na,na,na,na,na,na,na,na,na,na,na,17868192 
P12931,SRC,P23743,DGKA,0.376,na,na,na,na,na,na,na,na,na,na,na,na,na,17700527 
P12931,SRC,P19367,HK1,0.376,na,na,na,na,na,na,na,na,na,na,na,na,na,28054552 
P12931,SRC,Q16832,DDR2,0.376,na,na,na,na,na,na,na,na,na,na,na,na,na,11884411 
P12931,SRC,Q13077,TRAF1,0.376,na,na,na,na,na,na,na,na,na,na,na,na,na,10635328 15707590 
P12931,SRC,Q13114,TRAF3,0.376,na,na,na,na,na,na,na,na,na,na,na,na,na,10635328 19419966 
P12931,SRC,Q9H5V8,CDCP1,0.376,na,na,na,na,na,na,na,na,na,na,na,na,na,15851033 
P12931,SRC,Q13177,PAK2,0.376,na,na,na,na,na,na,na,na,na,na,na,na,na,16374509 
P12931,SRC,P31749,AKT1,0.365,na,na,na,na,na,na,na,na,na,na,na,na,na,23242524 25241761 
P12931,SRC,Q06124,PTPN11,0.332,na,na,na,na,na,na,na,na,na,na,na,na,na,8959326 20308328 
P12931,SRC,Q13480,GAB1,0.332,na,na,na,na,na,na,na,na,na,na,na,na,na,24728074 
P12931,SRC,P21860,ERBB3,0.332,na,na,na,na,na,na,na,na,na,na,na,na,na,16273093 
P12931,SRC,Q14194,CRMP1,0.332,na,na,na,na,na,na,na,na,na,na,na,na,na,21900206 
P12931,SRC,Q9UBY0,SLC9A2,0.309,na,na,na,na,na,na,na,na,na,na,na,na,na,10187839 
P12931,SRC,Q9Y3L3,SH3BP1,0.309,na,na,na,na,na,na,na,na,na,na,na,na,na,1379745 
P12931,SRC,P04150,NR3C1,0.309,na,na,na,na,na,na,na,na,na,na,na,na,na,18160712 
P12931,SRC,O15455,TLR3,0.309,na,na,na,na,na,na,na,na,na,na,na,na,na,16858407 
P12931,SRC,Q86YN6,PPARGC1B,0.309,na,na,na,na,na,na,na,na,na,na,na,na,na,17631495 
P12931,SRC,O00401,WASL,0.309,na,na,na,na,na,na,na,na,na,na,na,na,na,15791211 
P12931,SRC,O15162,PLSCR1,0.309,na,na,na,na,na,na,na,na,na,na,na,na,na,12871937 
P12931,SRC,O15492,RGS16,0.309,na,na,na,na,na,na,na,na,na,na,na,na,na,12588871 
P12931,SRC,O75563,SKAP2,0.309,na,na,na,na,na,na,na,na,na,na,na,na,na,12893833 
P12931,SRC,P04637,TP53,0.309,na,na,na,na,na,na,na,na,na,na,na,na,na,25071020 
P12931,SRC,P07451,CA3,0.309,na,na,na,na,na,na,na,na,na,na,na,na,na,16099843 
P12931,SRC,P10828,THRB,0.309,na,na,na,na,na,na,na,na,na,na,na,na,na,14985366 
P12931,SRC,P11137,MAP2,0.309,na,na,na,na,na,na,na,na,na,na,na,na,na,10781592 
P12931,SRC,P15529,CD46,0.309,na,na,na,na,na,na,na,na,na,na,na,na,na,10657632 
P12931,SRC,P19793,RXRA,0.309,na,na,na,na,na,na,na,na,na,na,na,na,na,15116119 
P12931,SRC,P20073,ANXA7,0.309,na,na,na,na,na,na,na,na,na,na,na,na,na,11278415 
P12931,SRC,P23443,RPS6KB1,0.309,na,na,na,na,na,na,na,na,na,na,na,na,na,16640565 
P12931,SRC,P23528,CFL1,0.309,na,na,na,na,na,na,na,na,na,na,na,na,na,19802004 
P12931,SRC,P29320,EPHA3,0.309,na,na,na,na,na,na,na,na,na,na,na,na,na,9632142 
P12931,SRC,P30304,CDC25A,0.309,na,na,na,na,na,na,na,na,na,na,na,na,na,27485204 
P12931,SRC,P37840,SNCA,0.309,na,na,na,na,na,na,na,na,na,na,na,na,na,11078745 
P12931,SRC,P40818,USP8,0.309,na,na,na,na,na,na,na,na,na,na,na,na,na,23333852 
P12931,SRC,P54764,EPHA4,0.309,na,na,na,na,na,na,na,na,na,na,na,na,na,9632142 
P12931,SRC,P78396,CCNA1,0.309,na,na,na,na,na,na,na,na,na,na,na,na,na,15601848 
P12931,SRC,P98172,EFNB1,0.309,na,na,na,na,na,na,na,na,na,na,na,na,na,8878483 
P12931,SRC,Q07954,LRP1,0.309,na,na,na,na,na,na,na,na,na,na,na,na,na,11854294 
P12931,SRC,Q07960,ARHGAP1,0.309,na,na,na,na,na,na,na,na,na,na,na,na,na,8253717 
P12931,SRC,Q08499,PDE4D,0.309,na,na,na,na,na,na,na,na,na,na,na,na,na,10571082 
P12931,SRC,Q13322,GRB10,0.309,na,na,na,na,na,na,na,na,na,na,na,na,na,10871840 
P12931,SRC,Q13393,PLD1,0.309,na,na,na,na,na,na,na,na,na,na,na,na,na,12697812 
P12931,SRC,Q13972,RASGRF1,0.309,na,na,na,na,na,na,na,na,na,na,na,na,na,11389730 
P12931,SRC,Q14721,KCNB1,0.309,na,na,na,na,na,na,na,na,na,na,na,na,na,12615930 
P12931,SRC,Q86WV1,SKAP1,0.309,na,na,na,na,na,na,na,na,na,na,na,na,na,9195899 
P12931,SRC,Q8IZP0,ABI1,0.309,na,na,na,na,na,na,na,na,na,na,na,na,na,20598684 
P12931,SRC,Q8TDZ2,MICAL1,0.309,na,na,na,na,na,na,na,na,na,na,na,na,na,11827972 
P12931,SRC,Q8WWW8,GAB3,0.309,na,na,na,na,na,na,na,na,na,na,na,na,na,11739737 
P12931,SRC,Q92793,CREBBP,0.309,na,na,na,na,na,na,na,na,na,na,na,na,na,22364282 
P12931,SRC,Q9BX66,SORBS1,0.309,na,na,na,na,na,na,na,na,na,na,na,na,na,19891780 
P12931,SRC,Q9H3M7,TXNIP,0.309,na,na,na,na,na,na,na,na,na,na,na,na,na,26919541 
P12931,SRC,Q9UBS0,RPS6KB2,0.309,na,na,na,na,na,na,na,na,na,na,na,na,na,16640565 
P12931,SRC,Q9UI08,EVL,0.309,na,na,na,na,na,na,na,na,na,na,na,na,na,10945997 
P12931,SRC,Q9UJM3,ERRFI1,0.309,na,na,na,na,na,na,na,na,na,na,na,na,na,26280531 
P12931,SRC,Q9UKT4,FBXO5,0.309,na,na,na,na,na,na,na,na,na,na,na,na,na,20717963 
P12931,SRC,Q9UPT6,MAPK8IP3,0.309,na,na,na,na,na,na,na,na,na,na,na,na,na,12226752 
P12931,SRC,P01112,HRAS,0.309,na,na,na,na,na,na,na,na,na,na,na,na,na,12695509 
P12931,SRC,Q08881,ITK,0.309,na,na,na,na,na,na,na,na,na,na,na,na,na,10636929 
P12931,SRC,Q68EM7,ARHGAP17,0.309,na,na,na,na,na,na,na,na,na,na,na,na,na,11431473 
P12931,SRC,P51636,CAV2,0.309,na,na,na,na,na,na,na,na,na,na,na,na,na,12091389 
P12931,SRC,Q16543,CDC37,0.309,na,na,na,na,na,na,na,na,na,na,na,na,na,11085988 
P12931,SRC,P52803,EFNA5,0.309,na,na,na,na,na,na,na,na,na,na,na,na,na,17631495 
P12931,SRC,Q14994,NR1I3,0.309,na,na,na,na,na,na,na,na,na,na,na,na,na,22896671 
P12931,SRC,P42679,MATK,0.309,na,na,na,na,na,na,na,na,na,na,na,na,na,7530249 
P12931,SRC,Q9H3S7,PTPN23,0.309,na,na,na,na,na,na,na,na,na,na,na,na,na,18835089 
P12931,SRC,P21333,FLNA,0.286,na,na,na,na,na,na,na,na,na,na,na,na,na,20936779 
P12931,SRC,P48023,FASLG,0.286,na,na,na,na,na,na,na,na,na,na,na,na,na,19807924 
P12931,SRC,Q9UL51,HCN2,0.236,na,na,na,na,na,na,na,na,na,na,na,na,na,17474147 
P12931,SRC,Q9UPX8,SHANK2,0.236,na,na,na,na,na,na,na,na,na,na,na,na,na,17474147 
P12931,SRC,O00254,F2RL2,0.236,na,na,na,na,na,na,na,na,na,na,na,na,na,17474147 
P12931,SRC,O14490,DLGAP1,0.236,na,na,na,na,na,na,na,na,na,na,na,na,na,17474147 
P12931,SRC,Q9Y2D5,AKAP2,0.236,na,na,na,na,na,na,na,na,na,na,na,na,na,17474147 
P12931,SRC,Q9Y2H0,DLGAP4,0.236,na,na,na,na,na,na,na,na,na,na,na,na,na,17474147 
P12931,SRC,Q9Y2J2,EPB41L3,0.236,na,na,na,na,na,na,na,na,na,na,na,na,na,17474147 
P12931,SRC,Q9HCU4,CELSR2,0.236,na,na,na,na,na,na,na,na,na,na,na,na,na,17474147 
P12931,SRC,Q9NZM4,GLTSCR1,0.236,na,na,na,na,na,na,na,na,na,na,na,na,na,17474147 
P12931,SRC,Q9NZV5,SEPN1,0.236,na,na,na,na,na,na,na,na,na,na,na,na,na,17474147 
P12931,SRC,O43900,PRICKLE3,0.236,na,na,na,na,na,na,na,na,na,na,na,na,na,17474147 
P12931,SRC,O43918,AIRE,0.236,na,na,na,na,na,na,na,na,na,na,na,na,na,17474147 
P12931,SRC,P08047,SP1,0.236,na,na,na,na,na,na,na,na,na,na,na,na,na,17474147 
P12931,SRC,P23759,PAX7,0.236,na,na,na,na,na,na,na,na,na,na,na,na,na,17474147 
P12931,SRC,P23760,PAX3,0.236,na,na,na,na,na,na,na,na,na,na,na,na,na,17474147 
P12931,SRC,O95157,NXPH3,0.236,na,na,na,na,na,na,na,na,na,na,na,na,na,17474147 
P12931,SRC,Q8IZD9,DOCK3,0.236,na,na,na,na,na,na,na,na,na,na,na,na,na,17474147 
P12931,SRC,Q96NS5,ASB16,0.236,na,na,na,na,na,na,na,na,na,na,na,na,na,17474147 
P12931,SRC,Q96Q35,ALS2CR12,0.236,na,na,na,na,na,na,na,na,na,na,na,na,na,17474147 
P12931,SRC,P31273,HOXC8,0.236,na,na,na,na,na,na,na,na,na,na,na,na,na,17474147 
P12931,SRC,P31994,FCGR2B,0.236,na,na,na,na,na,na,na,na,na,na,na,na,na,17474147 
P12931,SRC,P31995,FCGR2C,0.236,na,na,na,na,na,na,na,na,na,na,na,na,na,17474147 
P12931,SRC,P49916,LIG3,0.236,na,na,na,na,na,na,na,na,na,na,na,na,na,17474147 
P12931,SRC,Q05996,ZP2,0.236,na,na,na,na,na,na,na,na,na,na,na,na,na,17474147 
P12931,SRC,Q07889,SOS1,0.236,na,na,na,na,na,na,na,na,na,na,na,na,na,17474147 
P12931,SRC,Q07890,SOS2,0.236,na,na,na,na,na,na,na,na,na,na,na,na,na,17474147 
P12931,SRC,Q13796,SHROOM2,0.236,na,na,na,na,na,na,na,na,na,na,na,na,na,17474147 
P12931,SRC,Q13905,RAPGEF1,0.236,na,na,na,na,na,na,na,na,na,na,na,na,na,17474147 
P12931,SRC,Q14008,CKAP5,0.236,na,na,na,na,na,na,na,na,na,na,na,na,na,17474147 
P12931,SRC,Q15027,ACAP1,0.236,na,na,na,na,na,na,na,na,na,na,na,na,na,17474147 
P12931,SRC,Q9BWW9,APOL5,0.236,na,na,na,na,na,na,na,na,na,na,na,na,na,17474147 
P12931,SRC,Q9BYB0,SHANK3,0.236,na,na,na,na,na,na,na,na,na,na,na,na,na,17474147 
P12931,SRC,Q9H1R2,DUSP15,0.236,na,na,na,na,na,na,na,na,na,na,na,na,na,17474147 
P12931,SRC,P09067,HOXB5,0.236,na,na,na,na,na,na,na,na,na,na,na,na,na,26186194 28514442 
P12931,SRC,Q8NFB2,TMEM185A,0.236,na,na,na,na,na,na,na,na,na,na,na,na,na,26186194 28514442 
P12931,SRC,Q8N5S1,SLC25A41 {ECO:0000312|EMBL:AAH31671.1},0.236,na,na,na,na,na,na,na,na,na,na,na,na,na,26186194 28514442 
P12931,SRC,Q3KPI0,CEACAM21,0.236,na,na,na,na,na,na,na,na,na,na,na,na,na,26186194 28514442 
P12931,SRC,P25963,NFKBIA,0.236,na,na,na,na,na,na,na,na,na,na,na,na,na,26186194 28514442 
P12931,SRC,Q96QD9,FYTTD1,0.236,na,na,na,na,na,na,na,na,na,na,na,na,na,26186194 28514442 
P12931,SRC,Q96S94,CCNL2,0.236,na,na,na,na,na,na,na,na,na,na,na,na,na,26186194 28514442 
P12931,SRC,Q9BTV5,FSD1,0.236,na,na,na,na,na,na,na,na,na,na,na,na,na,26186194 28514442 
P12931,SRC,Q9UHD2,TBK1,0.21,na,na,na,na,na,na,na,na,na,na,na,na,na,19419966 
P12931,SRC,Q9UM73,ALK,0.21,na,na,na,na,na,na,na,na,na,na,na,na,na,16105984 
P12931,SRC,Q9NR96,TLR9,0.21,na,na,na,na,na,na,na,na,na,na,na,na,na,21911421 
P12931,SRC,Q9HBA0,TRPV4,0.21,na,na,na,na,na,na,na,na,na,na,na,na,na,12538589 
P12931,SRC,Q9NV92,NDFIP2,0.21,na,na,na,na,na,na,na,na,na,na,na,na,na,20534535 
P12931,SRC,Q9NWQ8,PAG1,0.21,na,na,na,na,na,na,na,na,na,na,na,na,na,18070987 
P12931,SRC,O14788,TNFSF11,0.21,na,na,na,na,na,na,na,na,na,na,na,na,na,10635328 
P12931,SRC,P06396,GSN,0.21,na,na,na,na,na,na,na,na,na,na,na,na,na,11577104 
P12931,SRC,P17302,GJA1,0.21,na,na,na,na,na,na,na,na,na,na,na,na,na,11035005 
P12931,SRC,P17600,SYN1,0.21,na,na,na,na,na,na,na,na,na,na,na,na,na,10899172 
P12931,SRC,P21980,TGM2,0.21,na,na,na,na,na,na,na,na,na,na,na,na,na,20080707 
P12931,SRC,O60716,CTNND1,0.21,na,na,na,na,na,na,na,na,na,na,na,na,na,12640114 
P12931,SRC,P07333,CSF1R,0.21,na,na,na,na,na,na,na,na,na,na,na,na,na,7681396 
P12931,SRC,P22459,KCNA4,0.21,na,na,na,na,na,na,na,na,na,na,na,na,na,11149959 
P12931,SRC,P08238,HSP90AB1,0.21,na,na,na,na,na,na,na,na,na,na,na,na,na,28215707 
P12931,SRC,Q7Z434,MAVS,0.21,na,na,na,na,na,na,na,na,na,na,na,na,na,19419966 
P12931,SRC,P08631,HCK,0.21,na,na,na,na,na,na,na,na,na,na,na,na,na,11896602 
P12931,SRC,Q7Z7K6,CENPV,0.21,na,na,na,na,na,na,na,na,na,na,na,na,na,19930468 
P12931,SRC,P05067,APP,0.21,na,na,na,na,na,na,na,na,na,na,na,na,na,19923279 
P12931,SRC,O95297,MPZL1,0.21,na,na,na,na,na,na,na,na,na,na,na,na,na,11751924 
P12931,SRC,P19174,PLCG1,0.21,na,na,na,na,na,na,na,na,na,na,na,na,na,7510703 
P12931,SRC,P11362,FGFR1,0.21,na,na,na,na,na,na,na,na,na,na,na,na,na,20388777 
P12931,SRC,O95786,DDX58,0.21,na,na,na,na,na,na,na,na,na,na,na,na,na,19419966 
P12931,SRC,Q96MU7,YTHDC1,0.21,na,na,na,na,na,na,na,na,na,na,na,na,na,15175272 
P12931,SRC,O00459,PIK3R2,0.21,na,na,na,na,na,na,na,na,na,na,na,na,na,22402981 
P12931,SRC,O00560,SDCBP,0.21,na,na,na,na,na,na,na,na,na,na,na,na,na,18832467 
P12931,SRC,P07949,RET,0.21,na,na,na,na,na,na,na,na,na,na,na,na,na,10070972 
P12931,SRC,P08962,CD63,0.21,na,na,na,na,na,na,na,na,na,na,na,na,na,18211905 
P12931,SRC,P19235,EPOR,0.21,na,na,na,na,na,na,na,na,na,na,na,na,na,21075308 
P12931,SRC,P27361,MAPK3,0.21,na,na,na,na,na,na,na,na,na,na,na,na,na,23242524 
P12931,SRC,P28482,MAPK1,0.21,na,na,na,na,na,na,na,na,na,na,na,na,na,23242524 
P12931,SRC,P43116,PTGER2,0.21,na,na,na,na,na,na,na,na,na,na,na,na,na,23242524 
P12931,SRC,P46940,IQGAP1,0.21,na,na,na,na,na,na,na,na,na,na,na,na,na,19050761 
P12931,SRC,Q13094,LCP2,0.21,na,na,na,na,na,na,na,na,na,na,na,na,na,15929943 
P12931,SRC,Q13191,CBLB,0.21,na,na,na,na,na,na,na,na,na,na,na,na,na,17094785 
P12931,SRC,Q8WX93,PALLD,0.21,na,na,na,na,na,na,na,na,na,na,na,na,na,17537434 
P12931,SRC,Q9UQC2,GAB2,0.21,na,na,na,na,na,na,na,na,na,na,na,na,na,10391903 
P12931,SRC,Q9Y210,TRPC6,0.21,na,na,na,na,na,na,na,na,na,na,na,na,na,14761972 
P12931,SRC,Q9Y490,TLN1,0.21,na,na,na,na,na,na,na,na,na,na,na,na,na,23242524 
P12931,SRC,P0CG48,UBC,0.21,na,na,na,na,na,na,na,na,na,na,na,na,na,17936276 
P12931,SRC,Q92882,OSTF1,0.21,na,na,na,na,na,na,na,na,na,na,na,na,na,15135048 
P12931,SRC,P68133,ACTA1,0.21,na,na,na,na,na,na,na,na,na,na,na,na,na,23353701 
P12931,SRC,Q06418,TYRO3,0.21,na,na,na,na,na,na,na,na,na,na,na,na,na,7537495 
P12931,SRC,P78314,SH3BP2,0.21,na,na,na,na,na,na,na,na,na,na,na,na,na,20439986 
P12931,SRC,P33151,CDH5,0.21,na,na,na,na,na,na,na,na,na,na,na,na,na,16909109 
P12931,SRC,Q4V348,ZNF658B,0.21,na,na,na,na,na,na,na,na,na,na,na,na,na,17868192 
P12931,SRC,Q15654,TRIP6,0.21,na,na,na,na,na,na,na,na,na,na,na,na,na,14688263 
P12931,SRC,P51449,RORC,0.21,na,na,na,na,na,na,na,na,na,na,na,na,na,27430721 
P12931,SRC,Q15746,MYLK,0.21,na,na,na,na,na,na,na,na,na,na,na,na,na,10362724 
P12931,SRC,P51813,BMX,0.21,na,na,na,na,na,na,na,na,na,na,na,na,na,10688651 
P12931,SRC,P41231,P2RY2,0.21,na,na,na,na,na,na,na,na,na,na,na,na,na,14670955 
